customer_ID,cluster,persona
CUST2025UE,1,Established Professionals
CUST2025QB,0,High-Value Real Estate Investors
CUST2025UI,1,Established Professionals
CUST2025SB,0,High-Value Real Estate Investors
CUST2025LU,1,Established Professionals
CUST2025TT,2,Young Professionals
CUST2025LI,2,Young Professionals
CUST2025VJ,4,Active Middle-Aged Professionals
CUST2025DA,0,High-Value Real Estate Investors
CUST2025CQ,3,High-Income Middle-Aged Professionals
CUST2025UD,3,High-Income Middle-Aged Professionals
CUST2025BV,3,High-Income Middle-Aged Professionals
CUST2025XT,1,Established Professionals
CUST2025CK,3,High-Income Middle-Aged Professionals
CUST2025KG,0,High-Value Real Estate Investors
CUST2025QV,3,High-Income Middle-Aged Professionals
CUST2025SK,4,Active Middle-Aged Professionals
CUST2025MZ,3,High-Income Middle-Aged Professionals
CUST2025GO,4,Active Middle-Aged Professionals
CUST2025BS,3,High-Income Middle-Aged Professionals
CUST2025LG,4,Active Middle-Aged Professionals
CUST2025DV,1,Established Professionals
CUST2025SJ,2,Young Professionals
CUST2025BK,1,Established Professionals
CUST2025CU,3,High-Income Middle-Aged Professionals
CUST2025JT,3,High-Income Middle-Aged Professionals
CUST2025GI,4,Active Middle-Aged Professionals
CUST2025EK,2,Young Professionals
CUST2025BJ,0,High-Value Real Estate Investors
CUST2025GZ,2,Young Professionals
CUST2025QO,4,Active Middle-Aged Professionals
CUST2025YS,4,Active Middle-Aged Professionals
CUST2025YT,1,Established Professionals
CUST2025ZW,1,Established Professionals
CUST2025RA,4,Active Middle-Aged Professionals
CUST2025ZY,3,High-Income Middle-Aged Professionals
CUST2025BF,0,High-Value Real Estate Investors
CUST2025RK,4,Active Middle-Aged Professionals
CUST2025DM,1,Established Professionals
CUST2025LL,3,High-Income Middle-Aged Professionals
CUST2025KD,0,High-Value Real Estate Investors
CUST2025NK,0,High-Value Real Estate Investors
CUST2025BA,3,High-Income Middle-Aged Professionals
CUST2025WP,4,Active Middle-Aged Professionals
CUST2025NS,0,High-Value Real Estate Investors
CUST2025YU,3,High-Income Middle-Aged Professionals
CUST2025SA,3,High-Income Middle-Aged Professionals
CUST2025AY,4,Active Middle-Aged Professionals
CUST2025EG,3,High-Income Middle-Aged Professionals
CUST2025IF,4,Active Middle-Aged Professionals
CUST2025XC,4,Active Middle-Aged Professionals
CUST2025LK,3,High-Income Middle-Aged Professionals
CUST2025OR,3,High-Income Middle-Aged Professionals
CUST2025YK,1,Established Professionals
CUST2025JU,0,High-Value Real Estate Investors
CUST2025MQ,1,Established Professionals
CUST2025MC,1,Established Professionals
CUST2025AL,1,Established Professionals
CUST2025IO,1,Established Professionals
CUST2025US,1,Established Professionals
CUST2025WH,2,Young Professionals
CUST2025JS,1,Established Professionals
CUST2025EY,4,Active Middle-Aged Professionals
CUST2025SV,3,High-Income Middle-Aged Professionals
CUST2025AW,3,High-Income Middle-Aged Professionals
CUST2025ND,4,Active Middle-Aged Professionals
CUST2025QE,1,Established Professionals
CUST2025ZX,2,Young Professionals
CUST2025WE,0,High-Value Real Estate Investors
CUST2025QP,2,Young Professionals
CUST2025CM,1,Established Professionals
CUST2025AQ,2,Young Professionals
CUST2025WU,4,Active Middle-Aged Professionals
CUST2025NM,0,High-Value Real Estate Investors
CUST2025HY,2,Young Professionals
CUST2025NV,0,High-Value Real Estate Investors
CUST2025SX,2,Young Professionals
CUST2025LV,1,Established Professionals
CUST2025GG,1,Established Professionals
CUST2025ID,1,Established Professionals
CUST2025GX,3,High-Income Middle-Aged Professionals
CUST2025RX,2,Young Professionals
CUST2025FS,1,Established Professionals
CUST2025VU,1,Established Professionals
CUST2025OE,3,High-Income Middle-Aged Professionals
CUST2025AA,3,High-Income Middle-Aged Professionals
CUST2025KI,4,Active Middle-Aged Professionals
CUST2025QD,4,Active Middle-Aged Professionals
CUST2025JP,1,Established Professionals
CUST2025DS,3,High-Income Middle-Aged Professionals
CUST2025FD,4,Active Middle-Aged Professionals
CUST2025UM,0,High-Value Real Estate Investors
CUST2025NU,0,High-Value Real Estate Investors
CUST2025QY,4,Active Middle-Aged Professionals
CUST2025GJ,0,High-Value Real Estate Investors
CUST2025UU,3,High-Income Middle-Aged Professionals
CUST2025ZQ,2,Young Professionals
CUST2025CE,4,Active Middle-Aged Professionals
CUST2025EE,3,High-Income Middle-Aged Professionals
CUST2025EP,2,Young Professionals
CUST2025GU,0,High-Value Real Estate Investors
CUST2025NW,4,Active Middle-Aged Professionals
CUST2025FJ,1,Established Professionals
CUST2025GN,1,Established Professionals
CUST2025JQ,1,Established Professionals
CUST2025FO,4,Active Middle-Aged Professionals
CUST2025XU,4,Active Middle-Aged Professionals
CUST2025RE,2,Young Professionals
CUST2025OG,2,Young Professionals
CUST2025YE,4,Active Middle-Aged Professionals
CUST2025YI,1,Established Professionals
CUST2025QS,3,High-Income Middle-Aged Professionals
CUST2025BL,3,High-Income Middle-Aged Professionals
CUST2025SY,2,Young Professionals
CUST2025TO,2,Young Professionals
CUST2025DU,3,High-Income Middle-Aged Professionals
CUST2025XP,2,Young Professionals
CUST2025DO,1,Established Professionals
CUST2025OM,3,High-Income Middle-Aged Professionals
CUST2025QF,0,High-Value Real Estate Investors
CUST2025MP,1,Established Professionals
CUST2025UA,3,High-Income Middle-Aged Professionals
CUST2025QA,4,Active Middle-Aged Professionals
CUST2025DJ,1,Established Professionals
CUST2025HB,1,Established Professionals
CUST2025TK,1,Established Professionals
CUST2025PY,1,Established Professionals
CUST2025GY,1,Established Professionals
CUST2025UY,3,High-Income Middle-Aged Professionals
CUST2025GC,3,High-Income Middle-Aged Professionals
CUST2025HX,3,High-Income Middle-Aged Professionals
CUST2025PK,2,Young Professionals
CUST2025FA,3,High-Income Middle-Aged Professionals
CUST2025GT,3,High-Income Middle-Aged Professionals
CUST2025PN,3,High-Income Middle-Aged Professionals
CUST2025QH,1,Established Professionals
CUST2025XV,4,Active Middle-Aged Professionals
CUST2025AZ,3,High-Income Middle-Aged Professionals
CUST2025LH,0,High-Value Real Estate Investors
CUST2025XQ,3,High-Income Middle-Aged Professionals
CUST2025ZS,3,High-Income Middle-Aged Professionals
CUST2025RT,1,Established Professionals
CUST2025XD,4,Active Middle-Aged Professionals
CUST2025VM,3,High-Income Middle-Aged Professionals
CUST2025WD,3,High-Income Middle-Aged Professionals
CUST2025JW,1,Established Professionals
CUST2025YR,0,High-Value Real Estate Investors
CUST2025CN,1,Established Professionals
CUST2025DT,2,Young Professionals
CUST2025VS,2,Young Professionals
CUST2025MN,0,High-Value Real Estate Investors
CUST2025XX,3,High-Income Middle-Aged Professionals
CUST2025MR,0,High-Value Real Estate Investors
CUST2025RB,3,High-Income Middle-Aged Professionals
CUST2025HS,4,Active Middle-Aged Professionals
CUST2025PZ,2,Young Professionals
CUST2025YO,4,Active Middle-Aged Professionals
CUST2025NC,0,High-Value Real Estate Investors
CUST2025DE,3,High-Income Middle-Aged Professionals
CUST2025SU,0,High-Value Real Estate Investors
CUST2025XG,1,Established Professionals
CUST2025UR,4,Active Middle-Aged Professionals
CUST2025MD,1,Established Professionals
CUST2025XI,3,High-Income Middle-Aged Professionals
CUST2025ZD,2,Young Professionals
CUST2025OB,2,Young Professionals
CUST2025SL,3,High-Income Middle-Aged Professionals
CUST2025FC,2,Young Professionals
CUST2025AP,4,Active Middle-Aged Professionals
CUST2025SQ,4,Active Middle-Aged Professionals
CUST2025IT,1,Established Professionals
CUST2025YF,3,High-Income Middle-Aged Professionals
CUST2025WN,4,Active Middle-Aged Professionals
CUST2025RQ,3,High-Income Middle-Aged Professionals
CUST2025PI,1,Established Professionals
CUST2025QJ,0,High-Value Real Estate Investors
CUST2025NH,1,Established Professionals
CUST2025NN,1,Established Professionals
CUST2025PT,3,High-Income Middle-Aged Professionals
CUST2025KV,3,High-Income Middle-Aged Professionals
CUST2025NJ,3,High-Income Middle-Aged Professionals
CUST2025BP,1,Established Professionals
CUST2025UJ,2,Young Professionals
CUST2025KZ,4,Active Middle-Aged Professionals
CUST2025WT,3,High-Income Middle-Aged Professionals
CUST2025EJ,3,High-Income Middle-Aged Professionals
CUST2025UQ,4,Active Middle-Aged Professionals
CUST2025IW,3,High-Income Middle-Aged Professionals
CUST2025PJ,3,High-Income Middle-Aged Professionals
CUST2025CL,4,Active Middle-Aged Professionals
CUST2025BE,3,High-Income Middle-Aged Professionals
CUST2025UC,1,Established Professionals
CUST2025CT,2,Young Professionals
CUST2025LR,0,High-Value Real Estate Investors
CUST2025IG,2,Young Professionals
CUST2025OX,0,High-Value Real Estate Investors
CUST2025TA,3,High-Income Middle-Aged Professionals
CUST2025JF,0,High-Value Real Estate Investors
CUST2025GV,4,Active Middle-Aged Professionals
CUST2025AU,0,High-Value Real Estate Investors
CUST2025FV,1,Established Professionals
CUST2025KX,1,Established Professionals
CUST2025LE,3,High-Income Middle-Aged Professionals
CUST2025ME,2,Young Professionals
CUST2025HZ,1,Established Professionals
CUST2025DN,0,High-Value Real Estate Investors
CUST2025NY,0,High-Value Real Estate Investors
CUST2025KT,3,High-Income Middle-Aged Professionals
CUST2025LB,0,High-Value Real Estate Investors
CUST2025MW,2,Young Professionals
CUST2025MY,3,High-Income Middle-Aged Professionals
CUST2025EA,2,Young Professionals
CUST2025TD,0,High-Value Real Estate Investors
CUST2025OH,1,Established Professionals
CUST2025DH,2,Young Professionals
CUST2025XA,3,High-Income Middle-Aged Professionals
CUST2025TJ,0,High-Value Real Estate Investors
CUST2025OS,2,Young Professionals
CUST2025YB,3,High-Income Middle-Aged Professionals
CUST2025HP,0,High-Value Real Estate Investors
CUST2025LS,2,Young Professionals
CUST2025DK,0,High-Value Real Estate Investors
CUST2025JN,2,Young Professionals
CUST2025TG,0,High-Value Real Estate Investors
CUST2025RJ,4,Active Middle-Aged Professionals
CUST2025KE,0,High-Value Real Estate Investors
CUST2025QX,3,High-Income Middle-Aged Professionals
CUST2025HH,4,Active Middle-Aged Professionals
CUST2025BI,3,High-Income Middle-Aged Professionals
CUST2025FK,3,High-Income Middle-Aged Professionals
CUST2025VZ,2,Young Professionals
CUST2025WB,2,Young Professionals
CUST2025QQ,3,High-Income Middle-Aged Professionals
CUST2025IA,3,High-Income Middle-Aged Professionals
CUST2025MX,0,High-Value Real Estate Investors
CUST2025IY,0,High-Value Real Estate Investors
CUST2025TI,4,Active Middle-Aged Professionals
CUST2025QK,3,High-Income Middle-Aged Professionals
CUST2025LP,4,Active Middle-Aged Professionals
CUST2025CS,4,Active Middle-Aged Professionals
CUST2025NP,0,High-Value Real Estate Investors
CUST2025EW,2,Young Professionals
CUST2025XB,1,Established Professionals
CUST2025TN,2,Young Professionals
CUST2025DB,3,High-Income Middle-Aged Professionals
CUST2025IC,0,High-Value Real Estate Investors
CUST2025WS,2,Young Professionals
CUST2025RW,4,Active Middle-Aged Professionals
CUST2025ZB,0,High-Value Real Estate Investors
CUST2025BQ,0,High-Value Real Estate Investors
CUST2025WF,4,Active Middle-Aged Professionals
CUST2025JK,0,High-Value Real Estate Investors
CUST2025UH,1,Established Professionals
CUST2025BU,0,High-Value Real Estate Investors
CUST2025RO,1,Established Professionals
CUST2025IP,4,Active Middle-Aged Professionals
CUST2025KJ,3,High-Income Middle-Aged Professionals
CUST2025SH,3,High-Income Middle-Aged Professionals
CUST2025LA,2,Young Professionals
CUST2025TP,3,High-Income Middle-Aged Professionals
CUST2025NO,4,Active Middle-Aged Professionals
CUST2025VO,3,High-Income Middle-Aged Professionals
CUST2025KU,1,Established Professionals
CUST2025NA,0,High-Value Real Estate Investors
CUST2025HE,2,Young Professionals
CUST2025SW,1,Established Professionals
CUST2025ML,1,Established Professionals
CUST2025CR,3,High-Income Middle-Aged Professionals
CUST2025GE,2,Young Professionals
CUST2025HK,2,Young Professionals
CUST2025IS,1,Established Professionals
CUST2025LQ,3,High-Income Middle-Aged Professionals
CUST2025WX,1,Established Professionals
CUST2025ZU,2,Young Professionals
CUST2025TS,2,Young Professionals
CUST2025AM,0,High-Value Real Estate Investors
CUST2025WO,0,High-Value Real Estate Investors
CUST2025MM,0,High-Value Real Estate Investors
CUST2025PH,2,Young Professionals
CUST2025II,1,Established Professionals
CUST2025TH,3,High-Income Middle-Aged Professionals
CUST2025LJ,3,High-Income Middle-Aged Professionals
CUST2025HJ,4,Active Middle-Aged Professionals
CUST2025JV,1,Established Professionals
CUST2025BG,1,Established Professionals
CUST2025VA,0,High-Value Real Estate Investors
CUST2025ZN,1,Established Professionals
CUST2025ZJ,1,Established Professionals
CUST2025TW,3,High-Income Middle-Aged Professionals
CUST2025RN,1,Established Professionals
CUST2025FG,2,Young Professionals
CUST2025MA,3,High-Income Middle-Aged Professionals
CUST2025IV,3,High-Income Middle-Aged Professionals
CUST2025FX,3,High-Income Middle-Aged Professionals
CUST2025MG,0,High-Value Real Estate Investors
CUST2025LO,0,High-Value Real Estate Investors
CUST2025CO,1,Established Professionals
CUST2025VR,4,Active Middle-Aged Professionals
CUST2025QW,3,High-Income Middle-Aged Professionals
CUST2025DC,3,High-Income Middle-Aged Professionals
CUST2025PA,2,Young Professionals
CUST2025UG,0,High-Value Real Estate Investors
CUST2025ZV,3,High-Income Middle-Aged Professionals
CUST2025BR,3,High-Income Middle-Aged Professionals
CUST2025BZ,1,Established Professionals
CUST2025DR,3,High-Income Middle-Aged Professionals
CUST2025YC,3,High-Income Middle-Aged Professionals
CUST2025WR,2,Young Professionals
CUST2025VL,2,Young Professionals
CUST2025JA,3,High-Income Middle-Aged Professionals
CUST2025XO,1,Established Professionals
CUST2025CJ,1,Established Professionals
CUST2025ZM,1,Established Professionals
CUST2025HW,4,Active Middle-Aged Professionals
CUST2025RV,1,Established Professionals
CUST2025YW,3,High-Income Middle-Aged Professionals
CUST2025HQ,0,High-Value Real Estate Investors
CUST2025XW,1,Established Professionals
CUST2025PR,0,High-Value Real Estate Investors
CUST2025KL,4,Active Middle-Aged Professionals
CUST2025EF,2,Young Professionals
CUST2025SG,3,High-Income Middle-Aged Professionals
CUST2025AB,1,Established Professionals
CUST2025CD,3,High-Income Middle-Aged Professionals
CUST2025OQ,1,Established Professionals
CUST2025GS,1,Established Professionals
CUST2025UP,4,Active Middle-Aged Professionals
CUST2025LX,1,Established Professionals
CUST2025TM,2,Young Professionals
CUST2025YP,2,Young Professionals
CUST2025BB,3,High-Income Middle-Aged Professionals
CUST2025IE,0,High-Value Real Estate Investors
CUST2025HG,3,High-Income Middle-Aged Professionals
CUST2025IH,2,Young Professionals
CUST2025QI,2,Young Professionals
CUST2025DP,1,Established Professionals
CUST2025AI,3,High-Income Middle-Aged Professionals
CUST2025OT,1,Established Professionals
CUST2025SE,2,Young Professionals
CUST2025KB,2,Young Professionals
CUST2025SC,0,High-Value Real Estate Investors
CUST2025ZI,0,High-Value Real Estate Investors
CUST2025KF,4,Active Middle-Aged Professionals
CUST2025UW,3,High-Income Middle-Aged Professionals
CUST2025MF,2,Young Professionals
CUST2025HM,0,High-Value Real Estate Investors
CUST2025WQ,1,Established Professionals
CUST2025CF,0,High-Value Real Estate Investors
CUST2025NI,4,Active Middle-Aged Professionals
CUST2025CA,1,Established Professionals
CUST2025DX,1,Established Professionals
CUST2025AF,2,Young Professionals
CUST2025EQ,0,High-Value Real Estate Investors
CUST2025TF,1,Established Professionals
CUST2025EZ,0,High-Value Real Estate Investors
CUST2025QZ,0,High-Value Real Estate Investors
CUST2025PF,3,High-Income Middle-Aged Professionals
CUST2025RF,1,Established Professionals
CUST2025IJ,2,Young Professionals
CUST2025AX,4,Active Middle-Aged Professionals
CUST2025ZF,3,High-Income Middle-Aged Professionals
CUST2025KW,1,Established Professionals
CUST2025OI,1,Established Professionals
CUST2025RD,3,High-Income Middle-Aged Professionals
CUST2025AE,0,High-Value Real Estate Investors
CUST2025JX,3,High-Income Middle-Aged Professionals
CUST2025TV,1,Established Professionals
CUST2025FF,4,Active Middle-Aged Professionals
CUST2025KC,3,High-Income Middle-Aged Professionals
CUST2025OV,2,Young Professionals
CUST2025NR,0,High-Value Real Estate Investors
CUST2025HL,3,High-Income Middle-Aged Professionals
CUST2025VY,0,High-Value Real Estate Investors
CUST2025VF,3,High-Income Middle-Aged Professionals
CUST2025AG,3,High-Income Middle-Aged Professionals
CUST2025AD,1,Established Professionals
CUST2025IR,4,Active Middle-Aged Professionals
CUST2025ZK,0,High-Value Real Estate Investors
CUST2025KA,1,Established Professionals
CUST2025NZ,1,Established Professionals
CUST2025VW,3,High-Income Middle-Aged Professionals
CUST2025PL,2,Young Professionals
CUST2025RZ,0,High-Value Real Estate Investors
CUST2025UX,1,Established Professionals
CUST2025VV,0,High-Value Real Estate Investors
CUST2025TC,2,Young Professionals
CUST2025NX,1,Established Professionals
CUST2025UL,4,Active Middle-Aged Professionals
CUST2025AT,3,High-Income Middle-Aged Professionals
CUST2025SP,0,High-Value Real Estate Investors
CUST2025XK,4,Active Middle-Aged Professionals
CUST2025XJ,1,Established Professionals
CUST2025EX,2,Young Professionals
CUST2025JC,2,Young Professionals
CUST2025KQ,4,Active Middle-Aged Professionals
CUST2025ON,4,Active Middle-Aged Professionals
CUST2025DF,0,High-Value Real Estate Investors
CUST2025CW,2,Young Professionals
CUST2025YG,3,High-Income Middle-Aged Professionals
CUST2025KK,2,Young Professionals
CUST2025LC,4,Active Middle-Aged Professionals
CUST2025JO,0,High-Value Real Estate Investors
CUST2025SM,3,High-Income Middle-Aged Professionals
CUST2025RH,0,High-Value Real Estate Investors
CUST2025JZ,3,High-Income Middle-Aged Professionals
CUST2025NL,0,High-Value Real Estate Investors
CUST2025GR,4,Active Middle-Aged Professionals
CUST2025BH,1,Established Professionals
CUST2025KY,3,High-Income Middle-Aged Professionals
CUST2025PQ,2,Young Professionals
CUST2025LY,1,Established Professionals
CUST2025QR,3,High-Income Middle-Aged Professionals
CUST2025OF,4,Active Middle-Aged Professionals
CUST2025TU,3,High-Income Middle-Aged Professionals
CUST2025AO,2,Young Professionals
CUST2025CH,1,Established Professionals
CUST2025IX,0,High-Value Real Estate Investors
CUST2025KH,1,Established Professionals
CUST2025FI,4,Active Middle-Aged Professionals
CUST2025XF,4,Active Middle-Aged Professionals
CUST2025XE,3,High-Income Middle-Aged Professionals
CUST2025NB,2,Young Professionals
CUST2025OW,1,Established Professionals
CUST2025VQ,1,Established Professionals
CUST2025PD,1,Established Professionals
CUST2025SS,1,Established Professionals
CUST2025QU,1,Established Professionals
CUST2025LT,3,High-Income Middle-Aged Professionals
CUST2025MS,3,High-Income Middle-Aged Professionals
CUST2025FY,2,Young Professionals
CUST2025ZG,2,Young Professionals
CUST2025BY,1,Established Professionals
CUST2025EU,0,High-Value Real Estate Investors
CUST2025WY,4,Active Middle-Aged Professionals
CUST2025QG,3,High-Income Middle-Aged Professionals
CUST2025IB,4,Active Middle-Aged Professionals
CUST2025KR,1,Established Professionals
CUST2025EI,3,High-Income Middle-Aged Professionals
CUST2025KP,3,High-Income Middle-Aged Professionals
CUST2025HU,3,High-Income Middle-Aged Professionals
CUST2025YH,3,High-Income Middle-Aged Professionals
CUST2025FH,2,Young Professionals
CUST2025FU,3,High-Income Middle-Aged Professionals
CUST2025NT,1,Established Professionals
CUST2025YJ,1,Established Professionals
CUST2025JH,2,Young Professionals
CUST2025PX,0,High-Value Real Estate Investors
CUST2025AH,3,High-Income Middle-Aged Professionals
CUST2025JB,1,Established Professionals
CUST2025YZ,0,High-Value Real Estate Investors
CUST2025YX,3,High-Income Middle-Aged Professionals
CUST2025VP,0,High-Value Real Estate Investors
CUST2025TZ,3,High-Income Middle-Aged Professionals
CUST2025NE,0,High-Value Real Estate Investors
CUST2025HR,2,Young Professionals
CUST2025JE,4,Active Middle-Aged Professionals
CUST2025ZT,4,Active Middle-Aged Professionals
CUST2025VE,1,Established Professionals
CUST2025GA,3,High-Income Middle-Aged Professionals
CUST2025VX,2,Young Professionals
CUST2025WL,1,Established Professionals
CUST2025GP,2,Young Professionals
CUST2025GK,3,High-Income Middle-Aged Professionals
CUST2025JG,1,Established Professionals
CUST2025FZ,4,Active Middle-Aged Professionals
CUST2025MK,1,Established Professionals
CUST2025DI,3,High-Income Middle-Aged Professionals
CUST2025FQ,2,Young Professionals
CUST2025AR,1,Established Professionals
CUST2025OD,3,High-Income Middle-Aged Professionals
CUST2025GW,3,High-Income Middle-Aged Professionals
CUST2025NF,1,Established Professionals
CUST2025QC,4,Active Middle-Aged Professionals
CUST2025IL,3,High-Income Middle-Aged Professionals
CUST2025EV,2,Young Professionals
CUST2025JD,2,Young Professionals
CUST2025WC,0,High-Value Real Estate Investors
CUST2025FN,1,Established Professionals
CUST2025SD,2,Young Professionals
CUST2025RG,3,High-Income Middle-Aged Professionals
CUST2025GM,2,Young Professionals
CUST2025PW,3,High-Income Middle-Aged Professionals
CUST2025GH,1,Established Professionals
CUST2025LM,1,Established Professionals
CUST2025UZ,1,Established Professionals
CUST2025ET,4,Active Middle-Aged Professionals
CUST2025RR,4,Active Middle-Aged Professionals
CUST2025VN,3,High-Income Middle-Aged Professionals
CUST2025YY,3,High-Income Middle-Aged Professionals
CUST2025SZ,1,Established Professionals
CUST2025BX,4,Active Middle-Aged Professionals
CUST2025FT,3,High-Income Middle-Aged Professionals
CUST2025RS,2,Young Professionals
CUST2025TR,0,High-Value Real Estate Investors
CUST2025MO,4,Active Middle-Aged Professionals
CUST2025TY,1,Established Professionals
CUST2025DL,4,Active Middle-Aged Professionals
CUST2025AK,1,Established Professionals
CUST2025YN,1,Established Professionals
CUST2025JL,1,Established Professionals
CUST2025FE,3,High-Income Middle-Aged Professionals
CUST2025WI,0,High-Value Real Estate Investors
CUST2025AN,1,Established Professionals
CUST2025YA,2,Young Professionals
CUST2025XR,2,Young Professionals
CUST2025OK,3,High-Income Middle-Aged Professionals
CUST2025AJ,4,Active Middle-Aged Professionals
CUST2025HO,2,Young Professionals
CUST2025ZH,1,Established Professionals
CUST2025DW,0,High-Value Real Estate Investors
CUST2025AC,0,High-Value Real Estate Investors
CUST2025RC,2,Young Professionals
CUST2025JJ,2,Young Professionals
CUST2025XM,2,Young Professionals
CUST2025FB,0,High-Value Real Estate Investors
CUST2025VI,1,Established Professionals
CUST2025WA,3,High-Income Middle-Aged Professionals
CUST2025IK,2,Young Professionals
CUST2025BC,1,Established Professionals
CUST2025DZ,0,High-Value Real Estate Investors
CUST2025HA,0,High-Value Real Estate Investors
CUST2025VT,1,Established Professionals
CUST2025WV,1,Established Professionals
CUST2025AS,1,Established Professionals
CUST2025OP,2,Young Professionals
CUST2025ER,1,Established Professionals
CUST2025CX,3,High-Income Middle-Aged Professionals
CUST2025ZP,2,Young Professionals
CUST2025SR,3,High-Income Middle-Aged Professionals
CUST2025GB,4,Active Middle-Aged Professionals
CUST2025PV,0,High-Value Real Estate Investors
CUST2025MT,3,High-Income Middle-Aged Professionals
CUST2025JM,1,Established Professionals
CUST2025CY,1,Established Professionals
CUST2025RY,3,High-Income Middle-Aged Professionals
CUST2025YL,0,High-Value Real Estate Investors
CUST2025IN,3,High-Income Middle-Aged Professionals
CUST2025WG,3,High-Income Middle-Aged Professionals
CUST2025UO,1,Established Professionals
CUST2025TB,4,Active Middle-Aged Professionals
CUST2025XL,1,Established Professionals
CUST2025HC,1,Established Professionals
CUST2025KM,1,Established Professionals
CUST2025UK,2,Young Professionals
CUST2025ZO,1,Established Professionals
CUST2025DY,3,High-Income Middle-Aged Professionals
CUST2025ZR,3,High-Income Middle-Aged Professionals
CUST2025QN,3,High-Income Middle-Aged Professionals
CUST2025EB,1,Established Professionals
CUST2025RP,1,Established Professionals
CUST2025OL,1,Established Professionals
CUST2025UV,2,Young Professionals
CUST2025KS,2,Young Professionals
CUST2025UB,2,Young Professionals
CUST2025WJ,3,High-Income Middle-Aged Professionals
CUST2025WK,0,High-Value Real Estate Investors
CUST2025MH,2,Young Professionals
CUST2025XS,1,Established Professionals
CUST2025BM,1,Established Professionals
CUST2025VH,1,Established Professionals
CUST2025OJ,1,Established Professionals
CUST2025MJ,0,High-Value Real Estate Investors
CUST2025ED,1,Established Professionals
CUST2025ZL,4,Active Middle-Aged Professionals
CUST2025WW,2,Young Professionals
CUST2025BN,3,High-Income Middle-Aged Professionals
CUST2025DD,1,Established Professionals
CUST2025PS,3,High-Income Middle-Aged Professionals
CUST2025VG,1,Established Professionals
CUST2025VD,3,High-Income Middle-Aged Professionals
CUST2025TL,2,Young Professionals
CUST2025LD,2,Young Professionals
CUST2025VK,3,High-Income Middle-Aged Professionals
CUST2025DG,3,High-Income Middle-Aged Professionals
CUST2025DQ,1,Established Professionals
CUST2025OA,3,High-Income Middle-Aged Professionals
CUST2025HN,4,Active Middle-Aged Professionals
CUST2025CB,2,Young Professionals
CUST2025UT,1,Established Professionals
CUST2025LN,2,Young Professionals
CUST2025KN,2,Young Professionals
CUST2025EM,3,High-Income Middle-Aged Professionals
CUST2025GL,2,Young Professionals
CUST2025BD,4,Active Middle-Aged Professionals
CUST2025EO,0,High-Value Real Estate Investors
CUST2025ZZ,1,Established Professionals
CUST2025PE,3,High-Income Middle-Aged Professionals
CUST2025BO,1,Established Professionals
CUST2025ZA,0,High-Value Real Estate Investors
CUST2025ES,2,Young Professionals
CUST2025LZ,2,Young Professionals
CUST2025YM,4,Active Middle-Aged Professionals
CUST2025EL,0,High-Value Real Estate Investors
CUST2025XH,3,High-Income Middle-Aged Professionals
CUST2025EC,2,Young Professionals
CUST2025SI,1,Established Professionals
CUST2025TX,4,Active Middle-Aged Professionals
CUST2025PO,0,High-Value Real Estate Investors
CUST2025IU,3,High-Income Middle-Aged Professionals
CUST2025RL,1,Established Professionals
CUST2025CP,3,High-Income Middle-Aged Professionals
CUST2025JR,0,High-Value Real Estate Investors
CUST2025MI,3,High-Income Middle-Aged Professionals
CUST2025FL,3,High-Income Middle-Aged Professionals
CUST2025CG,2,Young Professionals
CUST2025PM,1,Established Professionals
CUST2025ZC,3,High-Income Middle-Aged Professionals
CUST2025OZ,0,High-Value Real Estate Investors
CUST2025RI,3,High-Income Middle-Aged Professionals
CUST2025XY,3,High-Income Middle-Aged Professionals
CUST2025PP,3,High-Income Middle-Aged Professionals
CUST2025PB,3,High-Income Middle-Aged Professionals
CUST2025LW,3,High-Income Middle-Aged Professionals
CUST2025CI,3,High-Income Middle-Aged Professionals
CUST2025FW,1,Established Professionals
CUST2025BT,1,Established Professionals
CUST2025AV,0,High-Value Real Estate Investors
CUST2025YQ,2,Young Professionals
CUST2025WM,3,High-Income Middle-Aged Professionals
CUST2025FP,3,High-Income Middle-Aged Professionals
CUST2025PU,2,Young Professionals
CUST2025ST,2,Young Professionals
CUST2025MU,3,High-Income Middle-Aged Professionals
CUST2025HV,1,Established Professionals
CUST2025UF,3,High-Income Middle-Aged Professionals
CUST2025XN,1,Established Professionals
CUST2025BW,2,Young Professionals
CUST2025OC,1,Established Professionals
CUST2025HT,3,High-Income Middle-Aged Professionals
CUST2025RM,0,High-Value Real Estate Investors
CUST2025XZ,2,Young Professionals
CUST2025IZ,1,Established Professionals
CUST2025EH,2,Young Professionals
CUST2025UN,3,High-Income Middle-Aged Professionals
CUST2025OY,2,Young Professionals
CUST2025NG,1,Established Professionals
CUST2025JI,3,High-Income Middle-Aged Professionals
CUST2025NQ,1,Established Professionals
CUST2025RU,2,Young Professionals
CUST2025MV,2,Young Professionals
CUST2025JY,1,Established Professionals
CUST2025OU,0,High-Value Real Estate Investors
CUST2025OO,4,Active Middle-Aged Professionals
CUST2025HD,1,Established Professionals
CUST2025HI,0,High-Value Real Estate Investors
CUST2025GQ,1,Established Professionals
CUST2025TE,0,High-Value Real Estate Investors
CUST2025LF,2,Young Professionals
CUST2025GD,1,Established Professionals
CUST2025KO,3,High-Income Middle-Aged Professionals
CUST2025VB,2,Young Professionals
CUST2025SO,1,Established Professionals
CUST2025IM,2,Young Professionals
CUST2025GF,1,Established Professionals
CUST2025CV,3,High-Income Middle-Aged Professionals
CUST2025PC,2,Young Professionals
CUST2025ZE,0,High-Value Real Estate Investors
CUST2025VC,2,Young Professionals
CUST2025CZ,0,High-Value Real Estate Investors
CUST2025IQ,2,Young Professionals
CUST2025EN,3,High-Income Middle-Aged Professionals
CUST2025QM,0,High-Value Real Estate Investors
CUST2025YD,1,Established Professionals
CUST2025HF,1,Established Professionals
CUST2025QL,2,Young Professionals
CUST2025WZ,0,High-Value Real Estate Investors
CUST2025YV,2,Young Professionals
CUST2025CC,2,Young Professionals
CUST2025MB,1,Established Professionals
CUST2025SN,2,Young Professionals
CUST2025SF,3,High-Income Middle-Aged Professionals
CUST2025QT,0,High-Value Real Estate Investors
CUST2025PG,3,High-Income Middle-Aged Professionals
CUST2025TQ,0,High-Value Real Estate Investors
CUST2025FR,2,Young Professionals
CUST2025FM,1,Established Professionals
